title,date,text
Five key personal finance lessons we should be learning from this crisis,,
"Recent spate of retail bankruptcies just the 'tip of the iceberg,' Levi Strauss boss says",,
Allan Lanthier: Enjoy brain teasers? Try our new wage subsidy rules,,
"Bank of Canada exploring digital currency that would replace cash, track how people spend money",,
Full pain of pandemic about to be revealed in Canadian oilpatch’s ‘ugliest’ earnings ever,,
"Sold, but not to the highest bidder: Torstar shareholders back NordStar bid",,
Flood of government debt threatens to swamp market despite Bank of Canada buying,,
America's economic rebound may already be over as 'thick fog of uncertainty' clouds outlook,,
"Retail sales bounce back, making up almost all pandemic losses",,
EU reaches 'truly historic' deal on pandemic recovery after marathon summit,,
Tesla's Elon Musk qualifies for unprecedented $2.1-billion payday,,
‘Intentions are not enough anymore’: BlackNorth Initiative gets commitments from 200 CEOs,,
Jeff Bezos adds record $13 billion to his fortune in a single day — he's now worth $189.3 billion,,
title,date,text
Five key personal finance lessons we should be learning from this crisis,,
"Recent spate of retail bankruptcies just the 'tip of the iceberg,' Levi Strauss boss says",,
Allan Lanthier: Enjoy brain teasers? Try our new wage subsidy rules,,
"Bank of Canada exploring digital currency that would replace cash, track how people spend money",,
Full pain of pandemic about to be revealed in Canadian oilpatch’s ‘ugliest’ earnings ever,,
"Sold, but not to the highest bidder: Torstar shareholders back NordStar bid",,
Flood of government debt threatens to swamp market despite Bank of Canada buying,,
America's economic rebound may already be over as 'thick fog of uncertainty' clouds outlook,,
"Retail sales bounce back, making up almost all pandemic losses",,
EU reaches 'truly historic' deal on pandemic recovery after marathon summit,,
Tesla's Elon Musk qualifies for unprecedented $2.1-billion payday,,
‘Intentions are not enough anymore’: BlackNorth Initiative gets commitments from 200 CEOs,,
Jeff Bezos adds record $13 billion to his fortune in a single day — he's now worth $189.3 billion,,
